first_name	last_name
John	Doe
Mary	Smith-Robinson
Dave	Smith
Jane	Stuart
Tom	Wright
Steve	Robinson
Nicole	Jacobs
Jane	Wright
Jane	Doe
Kurt	Wright
Kurt	Robinson
Jane	Jenkins
Neil	Robinson
Tom	Patterson
Sam	Jenkins
Steve	Stuart
Maggie	Patterson
Maggie	Stuart
Jane	Doe
Steve	Patterson
Dave	Smith
Sam	Wilks
Kurt	Jefferson
Sam	Stuart
Jane	Stuart
Dave	Davis
Sam	Patterson
Tom	Jefferson
Jane	Stuart
Maggie	Jefferson
Mary	Wilks
Neil	Patterson
Corey	Davis
Steve	Jacobs
Jane	Jenkins
John	Jacobs
Neil	Smith
Corey	Wilks
Corey	Smith
Mary	Patterson
Jane	Stuart
Travis	Arnold
John	Robinson
Travis	Arnold
